Workbook
Name BuildType: Lookups!$G$4:$G$6
Name BusinessFunction: Lookups!$C$4:$C$15
Name DataSourceList: Lookups!$O$4:$O$9
Name EndUsersList: Lookups!$M$4:$M$8
Name EnvironmentList: Lookups!$K$4:$K$7
Name RoleList: Lookups!$I$4:$I$7
Name UseCaseArchetype: Lookups!$E$4:$E$13
Name YesNo: Lookups!$A$4:$A$6

Sheet Instructions
A1: AI Inventory & Risk Triage Sheet
A3: How to use
A4: 1) Go to AI_Inventory. Each row = one AI system/use case.
A5: 2) Fill the light-blue columns (many are dropdowns).
A6: 3) Columns W (risk), X (priority), Y (suggested next action) auto-fill via formulas.
A7: 4) Check Risk_Triage for portfolio counts.
A8: If dropdowns don't appear: ensure you're opening in Microsoft Excel (desktop/web). Some viewers strip data validation.

Sheet AI_Inventory
A1: Record ID | B1: Use case / System name | C1: Short description | D1: Business function | E1: Use case archetype | F1: Owner (person/team) | G1: Build type | H1: Role (Provider/Deployer) | I1: Environment | J1: End users | K1: Automated decision with legal/similar significant effect? | L1: HR / Education domain? | M1: Credit / Insurance / Eligibility domain? | N1: Biometric identification / categorisation? | O1: Critical infrastructure / safety component? | P1: Law enforcement / migration / justice domain? | Q1: Manipulative / exploit vulnerabilities? | R1: Social scoring? | S1: Real-time remote biometric ID in public spaces? | T1: Personal data processed? | U1: Special categories of data (health/biometric/etc.)? | V1: Primary data source | W1: Computed: AI Act risk category | X1: Computed: Priority | Y1: Computed: Suggested next action | Z1: Notes / Links
A2: AI-001 | W2: =IF(OR(Q2="Yes",R2="Yes",S2="Yes"),"Prohibited",IF(OR(L2="Yes",M2="Yes",N2="Yes",O2="Yes",P2="Yes"),"High-risk",IFERROR(_xludf.XLOOKUP(E2,Lookups!$Q$14:$Q$23,Lookups!$R$14:$R$23,"Unknown"),IFERROR(VLOOKUP(E2,Lookups!$Q$14:$R$23,2,FALSE),"Unknown")))) -> Unknown | X2: =IFERROR(_xludf.XLOOKUP(W2,Lookups!$Q$5:$Q$9,Lookups!$R$5:$R$9,"P2"),IFERROR(VLOOKUP(W2,Lookups!$Q$5:$R$9,2,FALSE),"P2")) -> P2 | Y2: =IFERROR(_xludf.XLOOKUP(W2,Lookups!$Q$5:$Q$9,Lookups!$S$5:$S$9,"Clarify triage"),IFERROR(VLOOKUP(W2,Lookups!$Q$5:$S$9,3,FALSE),"Clarify triage")) -> Clarify use case, role, and decision impact; run triage workshop.
A3: AI-002 | W3: =IF(OR(Q3="Yes",R3="Yes",S3="Yes"),"Prohibited",IF(OR(L3="Yes",M3="Yes",N3="Yes",O3="Yes",P3="Yes"),"High-risk",IFERROR(_xludf.XLOOKUP(E3,Lookups!$Q$14:$Q$23,Lookups!$R$14:$R$23,"Unknown"),IFERROR(VLOOKUP(E3,Lookups!$Q$14:$R$23,2,FALSE),"Unknown")))) -> Unknown | X3: =IFERROR(_xludf.XLOOKUP(W3,Lookups!$Q$5:$Q$9,Lookups!$R$5:$R$9,"P2"),IFERROR(VLOOKUP(W3,Lookups!$Q$5:$R$9,2,FALSE),"P2")) -> P2 | Y3: =IFERROR(_xludf.XLOOKUP(W3,Lookups!$Q$5:$Q$9,Lookups!$S$5:$S$9,"Clarify triage"),IFERROR(VLOOKUP(W3,Lookups!$Q$5:$S$9,3,FALSE),"Clarify triage")) -> Clarify use case, role, and decision impact; run triage workshop.
A4: AI-003 | W4: =IF(OR(Q4="Yes",R4="Yes",S4="Yes"),"Prohibited",IF(OR(L4="Yes",M4="Yes",N4="Yes",O4="Yes",P4="Yes"),"High-risk",IFERROR(_xludf.XLOOKUP(E4,Lookups!$Q$14:$Q$23,Lookups!$R$14:$R$23,"Unknown"),IFERROR(VLOOKUP(E4,Lookups!$Q$14:$R$23,2,FALSE),"Unknown")))) -> Unknown | X4: =IFERROR(_xludf.XLOOKUP(W4,Lookups!$Q$5:$Q$9,Lookups!$R$5:$R$9,"P2"),IFERROR(VLOOKUP(W4,Lookups!$Q$5:$R$9,2,FALSE),"P2")) -> P2 | Y4: =IFERROR(_xludf.XLOOKUP(W4,Lookups!$Q$5:$Q$9,Lookups!$S$5:$S$9,"Clarify triage"),IFERROR(VLOOKUP(W4,Lookups!$Q$5:$S$9,3,FALSE),"Clarify triage")) -> Clarify use case, role, and decision impact; run triage workshop.
A5: AI-004 | W5: =IF(OR(Q5="Yes",R5="Yes",S5="Yes"),"Prohibited",IF(OR(L5="Yes",M5="Yes",N5="Yes",O5="Yes",P5="Yes"),"High-risk",IFERROR(_xludf.XLOOKUP(E5,Lookups!$Q$14:$Q$23,Lookups!$R$14:$R$23,"Unknown"),IFERROR(VLOOKUP(E5,Lookups!$Q$14:$R$23,2,FALSE),"Unknown")))) -> Unknown | X5: =IFERROR(_xludf.XLOOKUP(W5,Lookups!$Q$5:$Q$9,Lookups!$R$5:$R$9,"P2"),IFERROR(VLOOKUP(W5,Lookups!$Q$5:$R$9,2,FALSE),"P2")) -> P2 | Y5: =IFERROR(_xludf.XLOOKUP(W5,Lookups!$Q$5:$Q$9,Lookups!$S$5:$S$9,"Clarify triage"),IFERROR(VLOOKUP(W5,Lookups!$Q$5:$S$9,3,FALSE),"Clarify triage")) -> Clarify use case, role, and decision impact; run triage workshop.
A6: AI-005 | W6: =IF(OR(Q6="Yes",R6="Yes",S6="Yes"),"Prohibited",IF(OR(L6="Yes",M6="Yes",N6="Yes",O6="Yes",P6="Yes"),"High-risk",IFERROR(_xludf.XLOOKUP(E6,Lookups!$Q$14:$Q$23,Lookups!$R$14:$R$23,"Unknown"),IFERROR(VLOOKUP(E6,Lookups!$Q$14:$R$23,2,FALSE),"Unknown")))) -> Unknown | X6: =IFERROR(_xludf.XLOOKUP(W6,Lookups!$Q$5:$Q$9,Lookups!$R$5:$R$9,"P2"),IFERROR(VLOOKUP(W6,Lookups!$Q$5:$R$9,2,FALSE),"P2")) -> P2 | Y6: =IFERROR(_xludf.XLOOKUP(W6,Lookups!$Q$5:$Q$9,Lookups!$S$5:$S$9,"Clarify triage"),IFERROR(VLOOKUP(W6,Lookups!$Q$5:$S$9,3,FALSE),"Clarify triage")) -> Clarify use case, role, and decision impact; run triage workshop.
A7: AI-006 | W7: =IF(OR(Q7="Yes",R7="Yes",S7="Yes"),"Prohibited",IF(OR(L7="Yes",M7="Yes",N7="Yes",O7="Yes",P7="Yes"),"High-risk",IFERROR(_xludf.XLOOKUP(E7,Lookups!$Q$14:$Q$23,Lookups!$R$14:$R$23,"Unknown"),IFERROR(VLOOKUP(E7,Lookups!$Q$14:$R$23,2,FALSE),"Unknown")))) -> Unknown | X7: =IFERROR(_xludf.XLOOKUP(W7,Lookups!$Q$5:$Q$9,Lookups!$R$5:$R$9,"P2"),IFERROR(VLOOKUP(W7,Lookups!$Q$5:$R$9,2,FALSE),"P2")) -> P2 | Y7: =IFERROR(_xludf.XLOOKUP(W7,Lookups!$Q$5:$Q$9,Lookups!$S$5:$S$9,"Clarify triage"),IFERROR(VLOOKUP(W7,Lookups!$Q$5:$S$9,3,FALSE),"Clarify triage")) -> Clarify use case, role, and decision impact; run triage workshop.
A8: AI-007 | W8: =IF(OR(Q8="Yes",R8="Yes",S8="Yes"),"Prohibited",IF(OR(L8="Yes",M8="Yes",N8="Yes",O8="Yes",P8="Yes"),"High-risk",IFERROR(_xludf.XLOOKUP(E8,Lookups!$Q$14:$Q$23,Lookups!$R$14:$R$23,"Unknown"),IFERROR(VLOOKUP(E8,Lookups!$Q$14:$R$23,2,FALSE),"Unknown")))) -> Unknown | X8: =IFERROR(_xludf.XLOOKUP(W8,Lookups!$Q$5:$Q$9,Lookups!$R$5:$R$9,"P2"),IFERROR(VLOOKUP(W8,Lookups!$Q$5:$R$9,2,FALSE),"P2")) -> P2 | Y8: =IFERROR(_xludf.XLOOKUP(W8,Lookups!$Q$5:$Q$9,Lookups!$S$5:$S$9,"Clarify triage"),IFERROR(VLOOKUP(W8,Lookups!$Q$5:$S$9,3,FALSE),"Clarify triage")) -> Clarify use case, role, and decision impact; run triage workshop.
A9: AI-008 | W9: =IF(OR(Q9="Yes",R9="Yes",S9="Yes"),"Prohibited",IF(OR(L9="Yes",M9="Yes",N9="Yes",O9="Yes",P9="Yes"),"High-risk",IFERROR(_xludf.XLOOKUP(E9,Lookups!$Q$14:$Q$23,Lookups!$R$14:$R$23,"Unknown"),IFERROR(VLOOKUP(E9,Lookups!$Q$14:$R$23,2,FALSE),"Unknown")))) -> Unknown | X9: =IFERROR(_xludf.XLOOKUP(W9,Lookups!$Q$5:$Q$9,Lookups!$R$5:$R$9,"P2"),IFERROR(VLOOKUP(W9,Lookups!$Q$5:$R$9,2,FALSE),"P2")) -> P2 | Y9: =IFERROR(_xludf.XLOOKUP(W9,Lookups!$Q$5:$Q$9,Lookups!$S$5:$S$9,"Clarify triage"),IFERROR(VLOOKUP(W9,Lookups!$Q$5:$S$9,3,FALSE),"Clarify triage")) -> Clarify use case, role, and decision impact; run triage workshop.
A10: AI-009 | W10: =IF(OR(Q10="Yes",R10="Yes",S10="Yes"),"Prohibited",IF(OR(L10="Yes",M10="Yes",N10="Yes",O10="Yes",P10="Yes"),"High-risk",IFERROR(_xludf.XLOOKUP(E10,Lookups!$Q$14:$Q$23,Lookups!$R$14:$R$23,"Unknown"),IFERROR(VLOOKUP(E10,Lookups!$Q$14:$R$23,2,FALSE),"Unknown")))) -> Unknown | X10: =IFERROR(_xludf.XLOOKUP(W10,Lookups!$Q$5:$Q$9,Lookups!$R$5:$R$9,"P2"),IFERROR(VLOOKUP(W10,Lookups!$Q$5:$R$9,2,FALSE),"P2")) -> P2 | Y10: =IFERROR(_xludf.XLOOKUP(W10,Lookups!$Q$5:$Q$9,Lookups!$S$5:$S$9,"Clarify triage"),IFERROR(VLOOKUP(W10,Lookups!$Q$5:$S$9,3,FALSE),"Clarify triage")) -> Clarify use case, role, and decision impact; run triage workshop.
A11: AI-010 | W11: =IF(OR(Q11="Yes",R11="Yes",S11="Yes"),"Prohibited",IF(OR(L11="Yes",M11="Yes",N11="Yes",O11="Yes",P11="Yes"),"High-risk",IFERROR(_xludf.XLOOKUP(E11,Lookups!$Q$14:$Q$23,Lookups!$R$14:$R$23,"Unknown"),IFERROR(VLOOKUP(E11,Lookups!$Q$14:$R$23,2,FALSE),"Unknown")))) -> Unknown | X11: =IFERROR(_xludf.XLOOKUP(W11,Lookups!$Q$5:$Q$9,Lookups!$R$5:$R$9,"P2"),IFERROR(VLOOKUP(W11,Lookups!$Q$5:$R$9,2,FALSE),"P2")) -> P2 | Y11: =IFERROR(_xludf.XLOOKUP(W11,Lookups!$Q$5:$Q$9,Lookups!$S$5:$S$9,"Clarify triage"),IFERROR(VLOOKUP(W11,Lookups!$Q$5:$S$9,3,FALSE),"Clarify triage")) -> Clarify use case, role, and decision impact; run triage workshop.
A12: AI-011 | W12: =IF(OR(Q12="Yes",R12="Yes",S12="Yes"),"Prohibited",IF(OR(L12="Yes",M12="Yes",N12="Yes",O12="Yes",P12="Yes"),"High-risk",IFERROR(_xludf.XLOOKUP(E12,Lookups!$Q$14:$Q$23,Lookups!$R$14:$R$23,"Unknown"),IFERROR(VLOOKUP(E12,Lookups!$Q$14:$R$23,2,FALSE),"Unknown")))) -> Unknown | X12: =IFERROR(_xludf.XLOOKUP(W12,Lookups!$Q$5:$Q$9,Lookups!$R$5:$R$9,"P2"),IFERROR(VLOOKUP(W12,Lookups!$Q$5:$R$9,2,FALSE),"P2")) -> P2 | Y12: =IFERROR(_xludf.XLOOKUP(W12,Lookups!$Q$5:$Q$9,Lookups!$S$5:$S$9,"Clarify triage"),IFERROR(VLOOKUP(W12,Lookups!$Q$5:$S$9,3,FALSE),"Clarify triage")) -> Clarify use case, role, and decision impact; run triage workshop.
A13: AI-012 | W13: =IF(OR(Q13="Yes",R13="Yes",S13="Yes"),"Prohibited",IF(OR(L13="Yes",M13="Yes",N13="Yes",O13="Yes",P13="Yes"),"High-risk",IFERROR(_xludf.XLOOKUP(E13,Lookups!$Q$14:$Q$23,Lookups!$R$14:$R$23,"Unknown"),IFERROR(VLOOKUP(E13,Lookups!$Q$14:$R$23,2,FALSE),"Unknown")))) -> Unknown | X13: =IFERROR(_xludf.XLOOKUP(W13,Lookups!$Q$5:$Q$9,Lookups!$R$5:$R$9,"P2"),IFERROR(VLOOKUP(W13,Lookups!$Q$5:$R$9,2,FALSE),"P2")) -> P2 | Y13: =IFERROR(_xludf.XLOOKUP(W13,Lookups!$Q$5:$Q$9,Lookups!$S$5:$S$9,"Clarify triage"),IFERROR(VLOOKUP(W13,Lookups!$Q$5:$S$9,3,FALSE),"Clarify triage")) -> Clarify use case, role, and decision impact; run triage workshop.
... A201: AI-200 | W201: =IF(OR(Q201="Yes",R201="Yes",S201="Yes"),"Prohibited",IF(OR(L201="Yes",M201="Yes",N201="Yes",O201="Yes",P201="Yes"),"High-risk",IFERROR(_xludf.XLOOKUP(E201,Lookups!$Q$14:$Q$23,Lookups!$R$14:$R$23,"Unknown"),IFERROR(VLOOKUP(E201,Lookups!$Q$14:$R$23,2,FALSE),"Unknown")))) -> Unknown | X201: =IFERROR(_xludf.XLOOKUP(W201,Lookups!$Q$5:$Q$9,Lookups!$R$5:$R$9,"P2"),IFERROR(VLOOKUP(W201,Lookups!$Q$5:$R$9,2,FALSE),"P2")) -> P2 | Y201: =IFERROR(_xludf.XLOOKUP(W201,Lookups!$Q$5:$Q$9,Lookups!$S$5:$S$9,"Clarify triage"),IFERROR(VLOOKUP(W201,Lookups!$Q$5:$S$9,3,FALSE),"Clarify triage")) -> Clarify use case, role, and decision impact; run triage workshop.

Sheet Risk_Triage
A1: Portfolio overview (auto)
A3: Metric | B3: Count
A4: Total filled use cases | B4: =COUNTIF(AI_Inventory!B2:B201,"<>") -> 0
A5: Prohibited | B5: =COUNTIF(AI_Inventory!W2:W201,"Prohibited") -> 0
A6: High-risk | B6: =COUNTIF(AI_Inventory!W2:W201,"High-risk") -> 0
A7: Limited risk | B7: =COUNTIF(AI_Inventory!W2:W201,"Limited risk") -> 0
A8: Minimal/Other | B8: =COUNTIF(AI_Inventory!W2:W201,"Minimal/Other") -> 0
A9: Unknown | B9: =COUNTIF(AI_Inventory!W2:W201,"Unknown") -> 200
A10: Production systems | B10: =COUNTIF(AI_Inventory!I2:I201,"Production") -> 0
A11: High-risk in production | B11: =COUNTIFS(AI_Inventory!W2:W201,"High-risk",AI_Inventory!I2:I201,"Production") -> 0
A12: Personal data processed | B12: =COUNTIF(AI_Inventory!T2:T201,"Yes") -> 0
A13: Special categories data | B13: =COUNTIF(AI_Inventory!U2:U201,"Yes") -> 0

Sheet Lookups
A1: Lists (do not edit unless customizing)
A3: YesNo | C3: BusinessFunction | E3: UseCaseArchetype | G3: BuildType | I3: Role | K3: Environment | M3: EndUsers | O3: DataSource
A4: Yes | C4: IT | E4: Customer support chatbot | G4: In-house | I4: Provider | K4: PoC | M4: Employees | O4: Employee data | Q4: RiskCategory | R4: Priority | S4: SuggestedNextAction | T4: KeyDeliverables
A5: No | C5: Data/AI | E5: Internal employee assistant | G5: Vendor/SaaS | I5: Deployer | K5: Pilot | M5: Customers | O5: Customer data | Q5: Prohibited | R5: P0 | S5: Stop / legal review immediately; remove prohibited features. | T5: Legal assessment; decision log; remediation plan
A6: Unknown | C6: HR | E6: Marketing content generation | G6: Hybrid | I6: Both | K6: Production | M6: Public users | O6: Public web | Q6: High-risk | R6: P1 | S6: Start conformity & governance plan; appoint owner; begin risk mgmt + DPIA. | T6: AI inventory; risk mgmt file; technical docs; human oversight; monitoring; DPIA
C7: Legal/Compliance | E7: HR screening / hiring | I7: Unknown | K7: Decommissioned | M7: Partners/Suppliers | O7: Third-party dataset | Q7: Limited risk | R7: P2 | S7: Add transparency, labeling, user notice; strengthen logging & red-teaming. | T7: User notice; content labeling; prompts/guardrails; logging; incident playbook
C8: Finance | E8: Credit scoring / eligibility | M8: Mixed/Other | O8: Internal docs/KB | Q8: Minimal/Other | R8: P3 | S8: Basic governance: inventory + policy; monitor for scope creep. | T8: AI policy; inventory; periodic review
C9: Operations | E9: Fraud detection | O9: Mixed/Other | Q9: Unknown | R9: P2 | S9: Clarify use case, role, and decision impact; run triage workshop. | T9: Completed inventory; decision tree notes
C10: Customer Service | E10: Biometric access control
C11: Marketing | E11: Safety component decision support
C12: Sales | E12: Document summarization
C13: Product | E13: Other | Q13: UseCaseArchetype | R13: DefaultRisk | S13: Notes
C14: Security | Q14: Customer support chatbot | R14: Limited risk | S14: Transparency + user notice usually required
C15: Other | Q15: Internal employee assistant | R15: Limited risk | S15: Often personal data; assess HR/monitoring use
Q16: Marketing content generation | R16: Limited risk | S16: Label AI-generated content where applicable; IP checks
Q17: HR screening / hiring | R17: High-risk | S17: Annex III employment-related systems are typically high-risk
Q18: Credit scoring / eligibility | R18: High-risk | S18: Annex III access to essential services/credit is typically high-risk
Q19: Fraud detection | R19: High-risk | S19: Often essential services; confirm domain and decision impact
Q20: Biometric access control | R20: High-risk | S20: Biometric categorisation/ID can trigger high-risk or prohibited cases
Q21: Safety component decision support | R21: High-risk | S21: Safety components in products/infrastructure can be high-risk
Q22: Document summarization | R22: Minimal/Other | S22: Usually minimal if no decisions; ensure data/privacy controls
Q23: Other | R23: Unknown | S23: Needs manual triage
